model,model-type,with-sm,gaussian,mdn,use_lstm_hid,varn,train_or_test,rse,mare,rmse,mse,r2,kge,nse,mkge,cc,alpha,beta
MDN$_{\text{LSTM}}$-0,MDN$_{\text{LSTM}}$,True,False,couplingtype1,False,Q,train,0.4048535092849759,0.5520056287709959,1.5377210868922688,2.364586141073141,0.555493050546636,0.7766046784971263,0.5951464907150241,0.7808958567990492,0.7892712768952872,0.9543543919627281,0.9415589750694144
MDN$_{\text{LSTM}}$-0,MDN$_{\text{LSTM}}$,True,False,couplingtype1,False,Q,test,0.3891860899817148,0.5580345252238108,1.7726140315910943,3.142160504993633,0.5759389722654467,0.7895880021546473,0.6108139100182852,0.7938194286828287,0.7979128082517726,0.957997716829355,0.9591370096904202
MDN$_{\text{LSTM}}$-0,MDN$_{\text{LSTM}}$,True,False,couplingtype1,False,C_Q,train,0.2855072461398726,0.35645888601368925,0.1217402356427158,0.01482068497434397,0.5554697115758016,0.742812749865333,0.7144927538601273,0.7037067559508905,0.8498358785087577,0.8014157788356749,1.0645005841303292
MDN$_{\text{LSTM}}$-0,MDN$_{\text{LSTM}}$,True,False,couplingtype1,False,C_Q,test,0.31511347863463257,0.3807210436597705,0.1346315487158104,0.01812565390961763,0.41625106786204813,0.6798810923640382,0.6848865213653674,0.72937770197262,0.8388740119734155,0.7347175950375119,0.9216432732573847
MDN$_{\text{LSTM}}$-0,MDN$_{\text{LSTM}}$,True,False,couplingtype1,False,C_{Qb},train,0.2854465193744601,0.3559323717371887,0.12172728801356483,0.014817532647137364,0.5576339720789754,0.7437631330636983,0.7145534806255399,0.7033831527748676,0.8500077509497366,0.8032883938553581,1.0668146781042234
MDN$_{\text{LSTM}}$-0,MDN$_{\text{LSTM}}$,True,False,couplingtype1,False,C_{Qb},test,0.31395502755816573,0.3792053433405196,0.13438384799875355,0.018059018602952098,0.4229412264378284,0.682755340880066,0.6860449724418343,0.7312142503074566,0.8390298690253234,0.7376047364691459,0.9233089552118877
MDN$_{\text{LSTM}}$-1,MDN$_{\text{LSTM}}$,True,False,mixed,False,Q,train,0.41645890079540326,0.5545352274683403,1.5596052559732958,2.4323685544595297,0.5772585600525441,0.7900989615270579,0.5835410992045967,0.7900614056416719,0.7902338989631758,0.9925414739388975,1.000999598331418
MDN$_{\text{LSTM}}$-1,MDN$_{\text{LSTM}}$,True,False,mixed,False,Q,test,0.41167344316768006,0.572254640952008,1.8231061405070066,3.323715999554353,0.5770348620464736,0.7888844675809421,0.5883265568323199,0.7850645445155082,0.7915136382670068,0.9865614455575524,1.03037450006863
MDN$_{\text{LSTM}}$-1,MDN$_{\text{LSTM}}$,True,False,mixed,False,C_Q,train,0.19438646055465447,0.2775086008539096,0.10045199735765153,0.01009060377314163,0.7571682565635112,0.8529533911828034,0.8056135394453455,0.8574561101502524,0.8976006376143733,0.8947058502099696,0.992913550420037
MDN$_{\text{LSTM}}$-1,MDN$_{\text{LSTM}}$,True,False,mixed,False,C_Q,test,0.28998667884642293,0.34898344169876927,0.12915236870300945,0.016680334341598095,0.525404978437296,0.7215756628043279,0.7100133211535771,0.7759546729300721,0.8514754416182189,0.7816771826008145,0.9117066565180133
MDN$_{\text{LSTM}}$-1,MDN$_{\text{LSTM}}$,True,False,mixed,False,C_{Qb},train,0.1944780128552745,0.27764396669190106,0.1004756500565887,0.010095356254294073,0.7555238836175245,0.8509165773679805,0.8055219871447254,0.8553071566690217,0.8975603090127042,0.8919017892451644,0.9931623508639416
MDN$_{\text{LSTM}}$-1,MDN$_{\text{LSTM}}$,True,False,mixed,False,C_{Qb},test,0.29415808291567996,0.34930888189900017,0.1300779682627597,0.01692027782736752,0.5509312630076297,0.7443242764544438,0.70584191708432,0.7858195904928258,0.844652069701747,0.8093455485600113,0.9300859362595063
MDN$_{\text{LSTM}}$-2,MDN$_{\text{LSTM}}$,True,False,mixed,False,Q,train,0.394326707855208,0.5469419506046044,1.5175978840065043,2.3031033375410193,0.6026754367090497,0.8007018976154319,0.605673292144792,0.7989498109715615,0.8021408244704338,0.9962203045939819,1.0236049608236877
MDN$_{\text{LSTM}}$-2,MDN$_{\text{LSTM}}$,True,False,mixed,False,Q,test,0.38907114563031914,0.5616831651398119,1.7723522454919647,3.1412324821004094,0.6029197016262205,0.7977300338628196,0.6109288543696809,0.7905957354415589,0.8036777555388461,0.989863572111887,1.0476231914148992
MDN$_{\text{LSTM}}$-2,MDN$_{\text{LSTM}}$,True,False,mixed,False,C_Q,train,0.20958735564903816,0.29239665102576307,0.10430571624440824,0.010879682441259008,0.731494017452119,0.8391052711852159,0.7904126443509618,0.8370379022748955,0.8890766069175196,0.8834979696748142,1.0032235938891105
MDN$_{\text{LSTM}}$-2,MDN$_{\text{LSTM}}$,True,False,mixed,False,C_Q,test,0.27992218504159344,0.35742611575496375,0.126891348113206,0.016101414225986824,0.5381313613691576,0.7268860619360877,0.7200778149584066,0.7708427906527016,0.8556396789588357,0.7785014443957973,0.9315185372606399
MDN$_{\text{LSTM}}$-2,MDN$_{\text{LSTM}}$,True,False,mixed,False,C_{Qb},train,0.2096232954033746,0.2930584814737522,0.10431465896214388,0.010881548074388386,0.7344857139347196,0.8424558871262086,0.7903767045966255,0.8361739336511457,0.8891029220380505,0.8885376304812049,1.0099058458471162
MDN$_{\text{LSTM}}$-2,MDN$_{\text{LSTM}}$,True,False,mixed,False,C_{Qb},test,0.27952655873784865,0.3570453722200901,0.12680164585258527,0.016078657390924456,0.5539856882903373,0.739552066887252,0.7204734412621514,0.7738986660811397,0.8532385574375336,0.7916571557280923,0.946264871076939
MDN$_{\text{LSTM}}$-3,MDN$_{\text{LSTM}}$,True,False,mixed,False,Q,train,0.4047092482401939,0.5567076726442299,1.5374470951762325,2.3637435704658354,0.6038359522170706,0.798294535716933,0.5952907517598061,0.7982257930582052,0.7998919851484385,1.0107273883007115,1.0229521209054986
MDN$_{\text{LSTM}}$-3,MDN$_{\text{LSTM}}$,True,False,mixed,False,Q,test,0.39712596135616796,0.5632354739212825,1.790604483243057,3.206264415410135,0.6151777976103399,0.7936552912103636,0.602874038643832,0.789073132099688,0.8049432335810891,1.0158605124809772,1.0654174354703625
MDN$_{\text{LSTM}}$-3,MDN$_{\text{LSTM}}$,True,False,mixed,False,C_Q,train,0.26930718468348946,0.3503131607834354,0.11823594870842531,0.013979739566981382,0.6121729443478765,0.7764196987061428,0.7306928153165105,0.7520129811465011,0.8562845501315802,0.8333067857382834,1.039336915421359
MDN$_{\text{LSTM}}$-3,MDN$_{\text{LSTM}}$,True,False,mixed,False,C_Q,test,0.30855301633634946,0.37533403239504276,0.13322270571576655,0.017748289318229738,0.4615152784945056,0.7056455939989454,0.6914469836636505,0.7209983341341264,0.8357112380538685,0.7569691936708435,0.9757153092372796
MDN$_{\text{LSTM}}$-3,MDN$_{\text{LSTM}}$,True,False,mixed,False,C_{Qb},train,0.266298416710422,0.3488252606453191,0.1175736126057498,0.01382355438116693,0.6222378187294824,0.7814876980070384,0.733701583289578,0.7544648526658566,0.8582127862128665,0.8396050719628958,1.043789030461031
MDN$_{\text{LSTM}}$-3,MDN$_{\text{LSTM}}$,True,False,mixed,False,C_{Qb},test,0.3048213819818711,0.37121497051228314,0.13241465871375602,0.017533641842280484,0.4808347411686309,0.7146245593917648,0.695178618018129,0.7236799840002893,0.8369232022908838,0.7662489676344003,0.9856628099231138
MDN$_{\text{LSTM}}$-4,MDN$_{\text{LSTM}}$,True,False,mixed,False,Q,train,0.394326707855208,0.5469419506046044,1.5175978840065043,2.3031033375410193,0.6026754367090497,0.8007018976154319,0.605673292144792,0.7989498109715615,0.8021408244704338,0.9962203045939819,1.0236049608236877
MDN$_{\text{LSTM}}$-4,MDN$_{\text{LSTM}}$,True,False,mixed,False,Q,test,0.38907114563031914,0.5616831651398119,1.7723522454919647,3.1412324821004094,0.6029197016262205,0.7977300338628196,0.6109288543696809,0.7905957354415589,0.8036777555388461,0.989863572111887,1.0476231914148992
MDN$_{\text{LSTM}}$-4,MDN$_{\text{LSTM}}$,True,False,mixed,False,C_Q,train,0.18702913151108616,0.2698956473708332,0.09853265815893247,0.009708684723865043,0.7636349265577108,0.8521473109330735,0.8129708684889139,0.8513712394836876,0.90173244972774,0.8895348694459028,1.001166687394439
MDN$_{\text{LSTM}}$-4,MDN$_{\text{LSTM}}$,True,False,mixed,False,C_Q,test,0.2702030271840303,0.3323543181116142,0.12466899450948815,0.015542358192006786,0.5769118795961052,0.7371370353557846,0.7297969728159697,0.7979299138894594,0.8646692175670883,0.7991525498815845,0.8978098865419333
MDN$_{\text{LSTM}}$-4,MDN$_{\text{LSTM}}$,True,False,mixed,False,C_{Qb},train,0.185511967839711,0.26906394382687604,0.09813220030829016,0.009629928737346383,0.767903445040031,0.8558975474579815,0.814488032160289,0.8516619878732791,0.9025596503605098,0.894029025961228,1.006406851959622
MDN$_{\text{LSTM}}$-4,MDN$_{\text{LSTM}}$,True,False,mixed,False,C_{Qb},test,0.268950858582291,0.33101008078831207,0.12437978998273132,0.01547033215614835,0.5951861509092091,0.7532908845547933,0.7310491414177089,0.8048877713261825,0.8620925315608235,0.8150960464721324,0.9124931673398126
MDN$_{\text{LSTM}}$-5,MDN$_{\text{LSTM}}$,True,False,mixed,False,Q,train,0.40302855401827414,0.5513779147378172,1.534251385218808,2.353927313045831,0.5864149898588908,0.7947520554895486,0.5969714459817259,0.795078637712548,0.7959745993791569,0.9871553719723004,0.9816868856253277
MDN$_{\text{LSTM}}$-5,MDN$_{\text{LSTM}}$,True,False,mixed,False,Q,test,0.3963655445793637,0.5616492675859359,1.7888893371085153,3.200125060420543,0.5894900778712825,0.7967114127505591,0.6036344554206363,0.7940847724584816,0.7984944326637864,0.9826211737333046,1.0204873725981698
MDN$_{\text{LSTM}}$-5,MDN$_{\text{LSTM}}$,True,False,mixed,False,C_Q,train,0.24958572768226406,0.32856093337759135,0.11382441947878205,0.01295599846968174,0.6657616153020753,0.8090023485554616,0.7504142723177359,0.8169593311213523,0.8663948657255415,0.8641352306516835,0.9869410795713409
MDN$_{\text{LSTM}}$-5,MDN$_{\text{LSTM}}$,True,False,mixed,False,C_Q,test,0.29821853597821957,0.35889112758677305,0.13097266621791218,0.017153839296228632,0.4824849152646844,0.698491980184909,0.7017814640217804,0.7624056630940573,0.8509063836624277,0.7591119186874965,0.8967957759499023
MDN$_{\text{LSTM}}$-5,MDN$_{\text{LSTM}}$,True,False,mixed,False,C_{Qb},train,0.24627495378359476,0.3259663590891385,0.11306695428913308,0.01278413615222091,0.6712647800611192,0.8114788626353181,0.7537250462164052,0.81773018545184,0.8682551001445795,0.8655397250642439,0.9898051454370661
MDN$_{\text{LSTM}}$-5,MDN$_{\text{LSTM}}$,True,False,mixed,False,C_{Qb},test,0.29164538719055355,0.3532200084755675,0.1295212143427545,0.01677574496482175,0.5047136146168852,0.7091858970089,0.7083546128094464,0.7675614892428063,0.8526223876868646,0.7673603600420075,0.9065576123613438
MDN$_{\text{LSTM}}$-6,MDN$_{\text{LSTM}}$,True,False,mixed,False,Q,train,0.4098619288503281,0.5560737086635118,1.5472033805334446,2.393838300734119,0.5874187146407109,0.7940602999861206,0.5901380711496719,0.793921033848935,0.7944064176990784,0.9966990114334775,0.988530805042877
MDN$_{\text{LSTM}}$-6,MDN$_{\text{LSTM}}$,True,False,mixed,False,Q,test,0.40430530218883,0.5660430377929782,1.8067174799442087,3.264228052335952,0.588609401170904,0.7948375528436711,0.59569469781117,0.7929032595256454,0.7961527466648504,0.9913512007954681,1.0215203462613516
MDN$_{\text{LSTM}}$-6,MDN$_{\text{LSTM}}$,True,False,mixed,False,C_Q,train,0.22870006883757454,0.3155928380251671,0.10895789847038054,0.011871823639081753,0.683600299870462,0.8045314775865633,0.7712999311624255,0.7811434313064066,0.8796792049529273,0.8501882843260302,1.0358789545632836
MDN$_{\text{LSTM}}$-6,MDN$_{\text{LSTM}}$,True,False,mixed,False,C_Q,test,0.29401089540383174,0.3535683657915137,0.13004542071570438,0.016911811449124552,0.5452385469481971,0.7449586740017227,0.7059891045961683,0.7185823710428552,0.8425508903123804,0.8040626513242674,1.0431788283706245
MDN$_{\text{LSTM}}$-6,MDN$_{\text{LSTM}}$,True,False,mixed,False,C_{Qb},train,0.22785200711705983,0.3155000905441148,0.108755692925941,0.011827800743801575,0.6859918740764093,0.8050540781587979,0.7721479928829402,0.7778053425206944,0.8804865781673298,0.8518359915619019,1.04204617756607
MDN$_{\text{LSTM}}$-6,MDN$_{\text{LSTM}}$,True,False,mixed,False,C_{Qb},test,0.2932378399285385,0.35168591284662515,0.12987434117986993,0.01686734449690526,0.5581902660141715,0.751141820184385,0.7067621600714615,0.7175264690021684,0.8436015046415275,0.8146899630109442,1.0559472474913787
MDN$_{\text{LSTM}}$-7,MDN$_{\text{LSTM}}$,True,False,mixed,False,Q,train,0.40302855401827414,0.5513779147378172,1.534251385218808,2.353927313045831,0.5864149898588908,0.7947520554895486,0.5969714459817259,0.795078637712548,0.7959745993791569,0.9871553719723004,0.9816868856253277
MDN$_{\text{LSTM}}$-7,MDN$_{\text{LSTM}}$,True,False,mixed,False,Q,test,0.3963655445793637,0.5616492675859359,1.7888893371085153,3.200125060420543,0.5894900778712825,0.7967114127505591,0.6036344554206363,0.7940847724584816,0.7984944326637864,0.9826211737333046,1.0204873725981698
MDN$_{\text{LSTM}}$-7,MDN$_{\text{LSTM}}$,True,False,mixed,False,C_Q,train,0.1955967762796994,0.28077328843442023,0.10076423610911259,0.010153431278652989,0.7441806978682288,0.8376838777335693,0.8044032237203006,0.8378632353846958,0.8971742360623449,0.8744081390908988,0.999734874298743
MDN$_{\text{LSTM}}$-7,MDN$_{\text{LSTM}}$,True,False,mixed,False,C_Q,test,0.2629003185346186,0.33380192419222177,0.12297275641846675,0.015122298821155556,0.5765255980525248,0.7429459525524121,0.7370996814653814,0.776275571889182,0.863813803092834,0.7879197279209756,0.9494820697570026
MDN$_{\text{LSTM}}$-7,MDN$_{\text{LSTM}}$,True,False,mixed,False,C_{Qb},train,0.1937870163974809,0.2805072302689239,0.10029699207307866,0.010059486618907203,0.746666069553531,0.8384730397859579,0.8062129836025191,0.8366083741000803,0.8982090655618185,0.8746124547123371,1.002743725373435
MDN$_{\text{LSTM}}$-7,MDN$_{\text{LSTM}}$,True,False,mixed,False,C_{Qb},test,0.2604006955865671,0.33241114282119694,0.12238675548562113,0.014978517918297213,0.5936404969957224,0.755540602719124,0.7395993044134329,0.7789026837000917,0.8632303856808042,0.8005083378374026,0.9645381014959477
MDN$_{\text{LSTM}}$-8,MDN$_{\text{LSTM}}$,True,False,mixed,False,Q,train,0.394326707855208,0.5469419506046044,1.5175978840065043,2.3031033375410193,0.6026754367090497,0.8007018976154319,0.605673292144792,0.7989498109715615,0.8021408244704338,0.9962203045939819,1.0236049608236877
MDN$_{\text{LSTM}}$-8,MDN$_{\text{LSTM}}$,True,False,mixed,False,Q,test,0.38907114563031914,0.5616831651398119,1.7723522454919647,3.1412324821004094,0.6029197016262205,0.7977300338628196,0.6109288543696809,0.7905957354415589,0.8036777555388461,0.989863572111887,1.0476231914148992
MDN$_{\text{LSTM}}$-8,MDN$_{\text{LSTM}}$,True,False,mixed,False,C_Q,train,0.29547639667843356,0.36758314817481774,0.12384742109723998,0.015338183712437082,0.6569015930977161,0.8266300649614893,0.7045236033215665,0.8170099576539673,0.8439599065001763,0.928008697054212,1.0229319841267928
MDN$_{\text{LSTM}}$-8,MDN$_{\text{LSTM}}$,True,False,mixed,False,C_Q,test,0.28910777120620496,0.37414799157263057,0.1289564991116594,0.016629778663135412,0.5343881546599007,0.7372311369685736,0.7108922287937951,0.7444482537627144,0.8451802562961914,0.7879848589141806,0.988690610596691
MDN$_{\text{LSTM}}$-8,MDN$_{\text{LSTM}}$,True,False,mixed,False,C_{Qb},train,0.29475174767071977,0.3681032420256425,0.12369546140717025,0.015300567172732744,0.6633372568623487,0.829859204510636,0.7052482523292802,0.8179150136821003,0.8453165462571638,0.9356871506254602,1.0297451984910033
MDN$_{\text{LSTM}}$-8,MDN$_{\text{LSTM}}$,True,False,mixed,False,C_{Qb},test,0.2874018793214121,0.3730004340209688,0.12857547975312633,0.0165316539937466,0.5612158728904906,0.7541186741701269,0.7125981206785879,0.749339909171868,0.8449516906245522,0.8093182755308918,1.0076241789825997
MDN$_{Q}$-0,MDN$_{Q}$,True,False,couplingtype3,False,Q,train,0.4964047872251982,0.5939239744346758,1.7027331701980868,2.899300248892827,0.3860169648606264,0.6951699254877315,0.5035952127748018,0.7123302724788765,0.7305257460945486,0.899165830669987,0.8993149906650363
MDN$_{Q}$-0,MDN$_{Q}$,True,False,couplingtype3,False,Q,test,0.41957020836119163,0.610913931210067,1.8405085940689287,3.3874718848415846,0.5310028739635946,0.7711009187921927,0.5804297916388084,0.7763582322454118,0.7798224506635755,0.9458390296586202,0.968643574220506
MDN$_{Q}$-0,MDN$_{Q}$,True,False,couplingtype3,False,C_Q,train,0.25230331026172065,0.3219476440405246,0.1144424231559718,0.013097068217810513,0.648097265810953,0.7956505522917285,0.7476966897382793,0.7929781544436486,0.8648984295239733,0.846740150823015,1.0042048857100503
MDN$_{Q}$-0,MDN$_{Q}$,True,False,couplingtype3,False,C_Q,test,0.28843336528029856,0.3430414024203965,0.12880600193798497,0.01659098613524819,0.47373155107019194,0.6803868382835165,0.7115666347197014,0.7605989146087895,0.8652735396646164,0.7403193172849403,0.8712859873496837
MDN$_{Q}$-0,MDN$_{Q}$,True,False,couplingtype3,False,C_{Qb},train,1.504000012526403,0.76744419109503,0.2794148543140792,0.07807266081135811,-1.0774404880055313,0.14162037649266634,-0.504000012526403,-0.33134861641120317,0.38556665868035367,0.8508629716536986,0.41944389254491393
MDN$_{Q}$-0,MDN$_{Q}$,True,False,couplingtype3,False,C_{Qb},test,1.5248503693791524,0.7634795724753094,0.2961603852150199,0.087710973770709,-1.3628108139014152,0.10524273176910659,-0.5248503693791524,-0.3350150529509728,0.36636660909057595,0.803339533469696,0.3996468073869191
MDN$_{Q}$-1,MDN$_{Q}$,True,False,mixed,False,Q,train,0.412619730948433,0.5561144665851611,1.5523999198175609,2.4099455110495693,0.5490033015188618,0.7716635279260309,0.587380269051567,0.774597793300737,0.7856604811020472,0.9565073563128091,0.9343912729670841
MDN$_{Q}$-1,MDN$_{Q}$,True,False,mixed,False,Q,test,0.40357287519866797,0.5694805332522327,1.805080241340852,3.2583146776791483,0.5569915549692855,0.7807206559546646,0.596427124801332,0.7854825629007753,0.7897992250137529,0.9544539548739629,0.9572843975401177
MDN$_{Q}$-1,MDN$_{Q}$,True,False,mixed,False,C_Q,train,0.3113927715557091,0.36170229623058864,0.12713930527447198,0.01616440294567538,0.6237913872853922,0.7926565116593369,0.6886072284442909,0.7475639100042988,0.8398943687429891,0.9097873554642546,1.0960166014964912
MDN$_{Q}$-1,MDN$_{Q}$,True,False,mixed,False,C_Q,test,0.26014650097038416,0.3342711337479286,0.12232700593286375,0.014963896380498883,0.6114856029886198,0.7711982836329923,0.7398534990296158,0.7650502471333,0.8612893901352352,0.8182865936683041,1.009477873325049
MDN$_{Q}$-1,MDN$_{Q}$,True,False,mixed,False,C_{Qb},train,1.305922805789489,0.7157110866160568,0.2603660314910932,0.06779047035442094,-0.3894083581307721,0.2899149328818681,-0.30592280578948894,-0.14901112336061972,0.4877181785281016,0.9694910396550697,0.5092278112277883
MDN$_{Q}$-1,MDN$_{Q}$,True,False,mixed,False,C_{Qb},test,1.2515497955230632,0.6674157883625291,0.26831034546488236,0.07199044148348452,-0.5284978607183615,0.2811642044852414,-0.2515497955230632,-0.08351227516767357,0.4941555758543444,0.9048813747562194,0.498204457367526
MDN$_{Q}$-2,MDN$_{Q}$,True,False,mixed,False,Q,train,0.4038806236603925,0.5546029415689085,1.5358723606910445,2.358903908334682,0.598166064414665,0.7978081494009513,0.5961193763396075,0.7972763789012626,0.7986004075041252,1.002543449390583,1.0176997021545877
MDN$_{Q}$-2,MDN$_{Q}$,True,False,mixed,False,Q,test,0.40127187833386885,0.5704270111012008,1.7999269945432428,3.239737185685471,0.5937145157787587,0.7910150724471445,0.5987281216661311,0.783330243932924,0.7983338702116525,0.9938107939307924,1.0544716969507515
MDN$_{Q}$-2,MDN$_{Q}$,True,False,mixed,False,C_Q,train,0.29596483994836037,0.3515785581423929,0.12394974307809825,0.015363538809126566,0.6286143776204725,0.8039590145728782,0.7040351600516397,0.7807278384202488,0.8421255358556582,0.8927040746004583,1.044668847433417
MDN$_{Q}$-2,MDN$_{Q}$,True,False,mixed,False,C_Q,test,0.273784124785568,0.34023090224449914,0.12549241665492747,0.015748346637893918,0.5607175877474927,0.7381448665134088,0.726215875214432,0.7791684365998747,0.8580384444700669,0.7894638047621862,0.9360505028980886
MDN$_{Q}$-2,MDN$_{Q}$,True,False,mixed,False,C_{Qb},train,1.1408392844322202,0.6535473507809203,0.24335361626205881,0.05922098254782138,-0.17675624610568552,0.37583352997701247,-0.14083928443222016,0.07522787012438115,0.5338579909211776,0.98462073591876,0.5852001833302773
MDN$_{Q}$-2,MDN$_{Q}$,True,False,mixed,False,C_{Qb},test,1.0580477630814404,0.6048848651990787,0.24669820431141698,0.060860004010477635,-0.2783611470861078,0.3742202815580359,-0.05804776308144044,0.13739761016356444,0.5559396140300809,0.9097579414002693,0.5684133916752825
MDN$_{Q}$-3,MDN$_{Q}$,True,False,mixed,False,Q,train,0.434219546707404,0.5861634600390093,1.5925141529880409,2.5361013274672173,0.5685766397343106,0.7805978363456553,0.5657804532925961,0.7782674186218845,0.7837034214290873,1.0032354186024324,1.0366419374650397
MDN$_{Q}$-3,MDN$_{Q}$,True,False,mixed,False,Q,test,0.40360261123390345,0.5818062130911864,1.8051467410293316,3.2585547566488167,0.59651813957346,0.791135353497131,0.5963973887660965,0.7848235596660229,0.7984294551331964,1.0001496247864214,1.0547150218248298
MDN$_{Q}$-3,MDN$_{Q}$,True,False,mixed,False,C_Q,train,0.2960037290773665,0.34093531118638354,0.12395788617241978,0.015365557544334578,0.6290989296471938,0.8080736066773928,0.7039962709226335,0.8028361687640582,0.8407728946581706,0.8933456928876202,1.0103599301476538
MDN$_{Q}$-3,MDN$_{Q}$,True,False,mixed,False,C_Q,test,0.28308761940989624,0.3314025437654097,0.12760679171524847,0.016283493291858804,0.5692855169565276,0.7360598747649691,0.7169123805901038,0.7989299349297677,0.8585899947769211,0.8107103181175546,0.8823691517299346
MDN$_{Q}$-3,MDN$_{Q}$,True,False,mixed,False,C_{Qb},train,1.279579333483037,0.708707913591186,0.2577265612114105,0.06642298035385893,-0.5990530965081544,0.2633802329866778,-0.279579333483037,-0.10240866692541051,0.4794004960060259,0.8945449456815515,0.4896431943094299
MDN$_{Q}$-3,MDN$_{Q}$,True,False,mixed,False,C_{Qb},test,1.2701462502839354,0.6761354798059416,0.27029637222271,0.0730601288367578,-0.8355574843277898,0.23233917825313954,-0.27014625028393535,-0.10580401797695327,0.4822945772835005,0.8318458805879517,0.458697473994667
MDN$_{Q}$-4,MDN$_{Q}$,True,False,mixed,False,Q,train,0.394326707855208,0.5469419506046044,1.5175978840065043,2.3031033375410193,0.6026754367090497,0.8007018976154319,0.605673292144792,0.7989498109715615,0.8021408244704338,0.9962203045939819,1.0236049608236877
MDN$_{Q}$-4,MDN$_{Q}$,True,False,mixed,False,Q,test,0.38907114563031914,0.5616831651398119,1.7723522454919647,3.1412324821004094,0.6029197016262205,0.7977300338628196,0.6109288543696809,0.7905957354415589,0.8036777555388461,0.989863572111887,1.0476231914148992
MDN$_{Q}$-4,MDN$_{Q}$,True,False,mixed,False,C_Q,train,0.2919602935653966,0.35777587820577816,0.12310833746219624,0.01515566275270599,0.6138181649558073,0.7831406190615808,0.7080397064346033,0.7388767044399038,0.8467471417427604,0.869492769559114,1.080680947810684
MDN$_{Q}$-4,MDN$_{Q}$,True,False,mixed,False,C_Q,test,0.280047881229431,0.349179443888611,0.12691983454526212,0.016108644400996713,0.525591100401503,0.719685821275646,0.7199521187705691,0.7619985376850955,0.8562673928897958,0.7683157426116642,0.9348894683969776
MDN$_{Q}$-4,MDN$_{Q}$,True,False,mixed,False,C_{Qb},train,1.112442515814754,0.6539303161947061,0.24030585908011096,0.057746905908230145,-0.1640093668772944,0.38525690718210204,-0.11244251581475395,0.10027367762516215,0.5426254754651848,0.9775985566982391,0.5898588172203815
MDN$_{Q}$-4,MDN$_{Q}$,True,False,mixed,False,C_{Qb},test,1.0585229953514428,0.6099507319061286,0.24675360152028503,0.06088733986323161,-0.3205377666914533,0.3655699685595535,-0.058522995351442786,0.13220262285771822,0.5559600221203124,0.8953126801647393,0.5591252696016222
MDN$_{Q}$-5,MDN$_{Q}$,True,False,mixed,False,Q,train,0.39933661980226587,0.5474000106621192,1.527207979812155,2.3323642136019234,0.5743404066487945,0.7910702603835844,0.6006633801977341,0.7931067072556924,0.7943980230110689,0.9685863756186495,0.9801846686211495
MDN$_{Q}$-5,MDN$_{Q}$,True,False,mixed,False,Q,test,0.39292179729538496,0.5608081444086628,1.7811011698780048,3.1723213773407974,0.5813001631070104,0.7952331285439472,0.6070782027046151,0.7943975891519035,0.7977036424818187,0.9687275815234228,1.005262245091369
MDN$_{Q}$-5,MDN$_{Q}$,True,False,mixed,False,C_Q,train,0.31745485722480526,0.3473299915413591,0.1283708919265594,0.016479085894020393,0.6467098811659877,0.8223414231566846,0.6825451427751947,0.8081261610176816,0.8351205272132999,0.9479277622788662,1.0408143533366112
MDN$_{Q}$-5,MDN$_{Q}$,True,False,mixed,False,C_Q,test,0.2641125008741428,0.30813187075511766,0.12325593213215008,0.015192024805765187,0.6777245930566878,0.8258365747010754,0.7358874991258573,0.8443003691671848,0.8604308436353388,0.9052757690652953,0.9566333148910412
MDN$_{Q}$-5,MDN$_{Q}$,True,False,mixed,False,C_{Qb},train,1.1203523201805423,0.6592101210672563,0.2411586696739081,0.05815750395888911,-0.25732872453075784,0.36333701461298895,-0.12035232018054232,0.08049369670923023,0.5369413467907929,0.9439584755540631,0.5666689623535465
MDN$_{Q}$-5,MDN$_{Q}$,True,False,mixed,False,C_{Qb},test,1.1161041680665231,0.6201182964884404,0.2533761405525703,0.06419946860131585,-0.3297985194539472,0.35111152592559625,-0.11610416806652313,0.08599408501373973,0.5347444969396369,0.9161349308539335,0.555522532814337
MDN$_{Q}$-6,MDN$_{Q}$,True,False,mixed,False,Q,train,0.4009946444789172,0.5617171731202848,1.530375139417352,2.3420480673466795,0.5851622144977178,0.7954715288589618,0.5990053555210828,0.7957956658831697,0.7962169863653753,0.9831734282748014,0.9953907326767001
MDN$_{Q}$-6,MDN$_{Q}$,True,False,mixed,False,Q,test,0.38419412905169453,0.5649704035069423,1.7612089751282956,3.101857054072461,0.607983460464514,0.8000336828995152,0.6158058709483054,0.7927272993757337,0.8061645735177001,0.9899725820142236,1.0481020405356685
MDN$_{Q}$-6,MDN$_{Q}$,True,False,mixed,False,C_Q,train,0.31751413366379866,0.36341291400659387,0.12838287632999634,0.016482162934763137,0.5276986710579981,0.749193470429009,0.6824858663362013,0.760121497514759,0.8264242617138381,0.8199208818536897,0.9813750285502113
MDN$_{Q}$-6,MDN$_{Q}$,True,False,mixed,False,C_Q,test,0.2875997399806773,0.33640954387776273,0.1286197307723518,0.016543035143952264,0.605688971134773,0.7837090841421285,0.7124002600193227,0.805480732776205,0.8452609757587091,0.8540332557894207,0.9608681172948023
MDN$_{Q}$-6,MDN$_{Q}$,True,False,mixed,False,C_{Qb},train,1.2222541307290782,0.6946590215139536,0.2518873325724358,0.06344722831045686,-0.6936755815009727,0.2684874710789944,-0.22225413072907818,0.037737441799522764,0.47159985733236975,0.8495044217704678,0.517035249598284
MDN$_{Q}$-6,MDN$_{Q}$,True,False,mixed,False,C_{Qb},test,1.1114942389277547,0.632175205930299,0.2528523298271387,0.06393430069901213,-0.3945540652566073,0.3460632680427659,-0.11149423892775467,0.14634579955536298,0.5168077426295781,0.8927624801012951,0.5726142185961748
MDN$_{Q}$-7,MDN$_{Q}$,True,False,mixed,False,Q,train,0.40302855401827414,0.5513779147378172,1.534251385218808,2.353927313045831,0.5864149898588908,0.7947520554895486,0.5969714459817259,0.795078637712548,0.7959745993791569,0.9871553719723004,0.9816868856253277
MDN$_{Q}$-7,MDN$_{Q}$,True,False,mixed,False,Q,test,0.3963655445793637,0.5616492675859359,1.7888893371085153,3.200125060420543,0.5894900778712825,0.7967114127505591,0.6036344554206363,0.7940847724584816,0.7984944326637864,0.9826211737333046,1.0204873725981698
MDN$_{Q}$-7,MDN$_{Q}$,True,False,mixed,False,C_Q,train,0.3180093690295543,0.35627182819063974,0.12848295843900132,0.01650787060923814,0.5746687454851573,0.7793305059581306,0.6819906309704458,0.7675763497567092,0.8270548945976469,0.8646817822661741,1.0217714507418436
MDN$_{Q}$-7,MDN$_{Q}$,True,False,mixed,False,C_Q,test,0.3049609451316434,0.3457658639118922,0.13244496841826084,0.01754166965931411,0.5630824378169736,0.7601758736479522,0.6950390548683566,0.7936818015487954,0.8365993175720673,0.8354536515652389,0.9388417807699158
MDN$_{Q}$-7,MDN$_{Q}$,True,False,mixed,False,C_{Qb},train,1.144776522596671,0.6569530103592057,0.24377318276159227,0.059425364633716664,-0.4359706962443106,0.32613077653809974,-0.14477652259667106,0.07228398769614286,0.5171949173461601,0.8928686375278148,0.5422644282256223
MDN$_{Q}$-7,MDN$_{Q}$,True,False,mixed,False,C_{Qb},test,1.0842923072015267,0.6139294231048921,0.24973909864300564,0.062369617391020905,-0.41401763912403466,0.34534132353536895,-0.0842923072015267,0.1334728196946351,0.5373471288149658,0.8756806934973315,0.5538217693730877
MDN$_{Q}$-8,MDN$_{Q}$,True,False,mixed,False,Q,train,0.39933661980226587,0.5474000106621192,1.527207979812155,2.3323642136019234,0.5743404066487945,0.7910702603835844,0.6006633801977341,0.7931067072556924,0.7943980230110689,0.9685863756186495,0.9801846686211495
MDN$_{Q}$-8,MDN$_{Q}$,True,False,mixed,False,Q,test,0.39292179729538496,0.5608081444086628,1.7811011698780048,3.1723213773407974,0.5813001631070104,0.7952331285439472,0.6070782027046151,0.7943975891519035,0.7977036424818187,0.9687275815234228,1.005262245091369
MDN$_{Q}$-8,MDN$_{Q}$,True,False,mixed,False,C_Q,train,0.2515471821435277,0.3205400505713252,0.11427080815789842,0.013057817597059224,0.6973020137386636,0.8351583416525123,0.7484528178564722,0.8124070689339692,0.8676173153443879,0.9116013558717826,1.0428167822987133
MDN$_{Q}$-8,MDN$_{Q}$,True,False,mixed,False,C_Q,test,0.2797257680829184,0.3383822556764149,0.1268468214774636,0.01609011611893552,0.5670148892584279,0.7404920548727105,0.7202742319170816,0.7944879750975691,0.8566384263126823,0.8037662316008055,0.9089827438672458
MDN$_{Q}$-8,MDN$_{Q}$,True,False,mixed,False,C_{Qb},train,0.9536514853121322,0.6098917309669838,0.22249508171248664,0.049504061386246107,-0.1619135352011154,0.4238545343140373,0.046348514687867826,0.24977330063484504,0.588207663947451,0.9059577392044357,0.6081751376145988
MDN$_{Q}$-8,MDN$_{Q}$,True,False,mixed,False,C_{Qb},test,0.965626764264084,0.6003240246031148,0.2356774328677465,0.05554385236313116,-0.42255246740875796,0.37983458482344246,0.034373235735916,0.30273899913877445,0.5564290964188421,0.8238924074718882,0.6039746074665671
"MDN$_{Q,\text{LSTM}}$-0","MDN$_{Q,\text{LSTM}}$",True,False,couplingtype4,False,Q,train,0.412619730948433,0.5561144665851611,1.5523999198175609,2.4099455110495693,0.5490033015188618,0.7716635279260309,0.587380269051567,0.774597793300737,0.7856604811020472,0.9565073563128091,0.9343912729670841
"MDN$_{Q,\text{LSTM}}$-0","MDN$_{Q,\text{LSTM}}$",True,False,couplingtype4,False,Q,test,0.40357287519866797,0.5694805332522327,1.805080241340852,3.2583146776791483,0.5569915549692855,0.7807206559546646,0.596427124801332,0.7854825629007753,0.7897992250137529,0.9544539548739629,0.9572843975401177
"MDN$_{Q,\text{LSTM}}$-0","MDN$_{Q,\text{LSTM}}$",True,False,couplingtype4,False,C_Q,train,0.1454705901704537,0.2485291051316251,0.08689867827407258,0.007551380285780773,0.8365102008512764,0.8842627841930233,0.8545294098295463,0.843989608579883,0.928024728937595,0.9432835704782077,1.0706958987533477
"MDN$_{Q,\text{LSTM}}$-0","MDN$_{Q,\text{LSTM}}$",True,False,couplingtype4,False,C_Q,test,0.20874597542792916,0.28717695617491135,0.10957775720506498,0.01200728487409217,0.7146291778317948,0.7985948489452671,0.7912540245720708,0.849536138528919,0.8970604378990451,0.8552720355692177,0.9050194875905291
"MDN$_{Q,\text{LSTM}}$-0","MDN$_{Q,\text{LSTM}}$",True,False,couplingtype4,False,C_{Qb},train,1.2148623199637565,0.6583453986744213,0.251124509585468,0.06306351931454181,-0.3225927900612555,0.3058663423835213,-0.2148623199637565,-0.27215885701828757,0.5612921182503676,0.9584080562508497,0.4636912835484128
"MDN$_{Q,\text{LSTM}}$-0","MDN$_{Q,\text{LSTM}}$",True,False,couplingtype4,False,C_{Qb},test,1.239012136010776,0.6672773758227157,0.26696303548041456,0.07126926231291708,-0.62252064921098,0.2618267952532103,-0.23901213601077598,-0.19895508273905005,0.527101090755218,0.873861616533012,0.4474102696777867
"MDN$_{Q,\text{LSTM}}$-1","MDN$_{Q,\text{LSTM}}$",True,False,mixed,False,Q,train,0.4048535092849759,0.5520056287709959,1.5377210868922688,2.364586141073141,0.555493050546636,0.7766046784971263,0.5951464907150241,0.7808958567990492,0.7892712768952872,0.9543543919627281,0.9415589750694144
"MDN$_{Q,\text{LSTM}}$-1","MDN$_{Q,\text{LSTM}}$",True,False,mixed,False,Q,test,0.3891860899817148,0.5580345252238108,1.7726140315910943,3.142160504993633,0.5759389722654467,0.7895880021546473,0.6108139100182852,0.7938194286828287,0.7979128082517726,0.957997716829355,0.9591370096904202
"MDN$_{Q,\text{LSTM}}$-1","MDN$_{Q,\text{LSTM}}$",True,False,mixed,False,C_Q,train,0.1366385085796157,0.224365644890693,0.08421939688697827,0.007092906812006365,0.8425650691143601,0.9003898341932355,0.8633614914203843,0.8898329204352784,0.9293524051794193,0.931614002656822,1.0159517348742082
"MDN$_{Q,\text{LSTM}}$-1","MDN$_{Q,\text{LSTM}}$",True,False,mixed,False,C_Q,test,0.1995823834910368,0.2746965199605306,0.10714562785162654,0.011480185567719249,0.7096338180819071,0.7843027408141718,0.8004176165089631,0.8408830040270814,0.9035205140970002,0.8290640534573975,0.9105689170380022
"MDN$_{Q,\text{LSTM}}$-1","MDN$_{Q,\text{LSTM}}$",True,False,mixed,False,C_{Qb},train,1.3052799346024955,0.6937083411794216,0.2603019379537664,0.06775709890248645,-0.6105445120272075,0.24189697694823897,-0.3052799346024955,-0.37096531900983587,0.5228724440094156,0.9002548397144559,0.4193793046452084
"MDN$_{Q,\text{LSTM}}$-1","MDN$_{Q,\text{LSTM}}$",True,False,mixed,False,C_{Qb},test,1.2921677026603828,0.6789725298889885,0.2726294657642977,0.07432682560292637,-0.8044771703948734,0.2229768964855654,-0.29216770266038283,-0.29949607746124873,0.5156243554292551,0.8462208953115405,0.41220996495083817
"MDN$_{Q,\text{LSTM}}$-2","MDN$_{Q,\text{LSTM}}$",True,False,mixed,False,Q,train,0.41645890079540326,0.5545352274683403,1.5596052559732958,2.4323685544595297,0.5772585600525441,0.7900989615270579,0.5835410992045967,0.7900614056416719,0.7902338989631758,0.9925414739388975,1.000999598331418
"MDN$_{Q,\text{LSTM}}$-2","MDN$_{Q,\text{LSTM}}$",True,False,mixed,False,Q,test,0.41167344316768006,0.572254640952008,1.8231061405070066,3.323715999554353,0.5770348620464736,0.7888844675809421,0.5883265568323199,0.7850645445155082,0.7915136382670068,0.9865614455575524,1.03037450006863
"MDN$_{Q,\text{LSTM}}$-2","MDN$_{Q,\text{LSTM}}$",True,False,mixed,False,C_Q,train,0.18255130104174433,0.26812543890108237,0.09734598340032428,0.009476240484176212,0.7885695588599765,0.8787499495876955,0.8174486989582557,0.863982665621449,0.9049183053469606,0.929198945543357,1.0254608867622486
"MDN$_{Q,\text{LSTM}}$-2","MDN$_{Q,\text{LSTM}}$",True,False,mixed,False,C_Q,test,0.2394448513062383,0.31299105439358577,0.11735891970503054,0.013773116034331805,0.6437223223759596,0.7678323166287662,0.7605551486937617,0.8190683698468226,0.8791785183257523,0.8198010026461373,0.9173421260818576
"MDN$_{Q,\text{LSTM}}$-2","MDN$_{Q,\text{LSTM}}$",True,False,mixed,False,C_{Qb},train,0.7914619786338585,0.5250362281815548,0.202693862562307,0.041084801920427405,0.017854283026156326,0.4865611654156944,0.20853802136614152,0.32933562943678196,0.6680339497513057,0.8976914001655103,0.6219114802834163
"MDN$_{Q,\text{LSTM}}$-2","MDN$_{Q,\text{LSTM}}$",True,False,mixed,False,C_{Qb},test,0.7282555689198555,0.5083079449835485,0.20467050390591496,0.04189001516910115,-0.10335188366415671,0.4739209002091789,0.27174443108014446,0.41757482591360795,0.6894891181209426,0.8124280074857164,0.6190026783616027
"MDN$_{Q,\text{LSTM}}$-3","MDN$_{Q,\text{LSTM}}$",True,False,mixed,False,Q,train,0.40676758022296955,0.554637023955453,1.541351828043063,2.375765457811692,0.5753724713826582,0.791342206849583,0.5932324197770305,0.7912411187620259,0.7924300835477992,0.9787439554122431,1.0009924690987042
"MDN$_{Q,\text{LSTM}}$-3","MDN$_{Q,\text{LSTM}}$",True,False,mixed,False,Q,test,0.39534618353729073,0.5714868067316959,1.7865875502163635,3.1918950745881074,0.5818200879397519,0.7938633032023665,0.6046538164627093,0.7896129789496897,0.7971320444353474,0.9723154615765125,1.0238850728266848
"MDN$_{Q,\text{LSTM}}$-3","MDN$_{Q,\text{LSTM}}$",True,False,mixed,False,C_Q,train,0.16660119369948348,0.2599233282467838,0.09299607625178787,0.008648270198228343,0.7913508678245176,0.8625864765126743,0.8333988063005165,0.8645745344114544,0.9131219144776987,0.8935744922978465,0.9971214580912593
"MDN$_{Q,\text{LSTM}}$-3","MDN$_{Q,\text{LSTM}}$",True,False,mixed,False,C_Q,test,0.25227543595780905,0.3306462097564679,0.12046221217681057,0.014511144562530928,0.5949073164901022,0.7472034142633102,0.747724564042191,0.7819003402324327,0.8705411386843911,0.7891513122121876,0.94814107747792
"MDN$_{Q,\text{LSTM}}$-3","MDN$_{Q,\text{LSTM}}$",True,False,mixed,False,C_{Qb},train,0.7687296342354702,0.5099787415718701,0.19976177216369528,0.039904765617980106,0.08662299920363858,0.501472796353693,0.23127036576452975,0.3167128009170673,0.6854322555585388,0.9174064216823509,0.6221709278614146
"MDN$_{Q,\text{LSTM}}$-3","MDN$_{Q,\text{LSTM}}$",True,False,mixed,False,C_{Qb},test,0.6427210642561595,0.47648297039813176,0.19227579619754387,0.03696998180339942,0.13995313724852965,0.5345539522396697,0.3572789357438405,0.43586616564127467,0.7351226155984332,0.8644705620525541,0.642072959867593
"MDN$_{Q,\text{LSTM}}$-4","MDN$_{Q,\text{LSTM}}$",True,False,mixed,False,Q,train,0.4958671561911726,0.5946002172373681,1.7018108481131833,2.896160162755712,0.36157554860739805,0.6789482438667642,0.5041328438088274,0.7016610273800814,0.7280413519116591,0.881308412881308,0.8774233668538635
"MDN$_{Q,\text{LSTM}}$-4","MDN$_{Q,\text{LSTM}}$",True,False,mixed,False,Q,test,0.41936431863408574,0.6137465209400218,1.8400569553393324,3.385809598892654,0.4987269843245091,0.7509021511925531,0.5806356813659143,0.7649188027151822,0.7750395245143762,0.9146576577745612,0.9355080828843196
"MDN$_{Q,\text{LSTM}}$-4","MDN$_{Q,\text{LSTM}}$",True,False,mixed,False,C_Q,train,0.1624147314566678,0.24791642108640172,0.09182020957874293,0.008430950887084275,0.7974122143847309,0.8607232355244783,0.8375852685433323,0.8343789788974261,0.9164836340660588,0.8953773014877854,1.0384333800228425
"MDN$_{Q,\text{LSTM}}$-4","MDN$_{Q,\text{LSTM}}$",True,False,mixed,False,C_Q,test,0.19942553337783225,0.2726307095376269,0.10710351715341039,0.011471163386630874,0.6903642390247331,0.7601702399662167,0.8005744666221677,0.8263809311351724,0.9082213788898397,0.80253655721823,0.8994853877799333
"MDN$_{Q,\text{LSTM}}$-4","MDN$_{Q,\text{LSTM}}$",True,False,mixed,False,C_{Qb},train,1.4705924574954052,0.7493430988395149,0.2762941805067036,0.07633847418187092,-0.9923095756626263,0.15906759846695828,-0.47059245749540524,-0.38335644764240673,0.41992659721951336,0.8591475499339544,0.4076802057628089
"MDN$_{Q,\text{LSTM}}$-4","MDN$_{Q,\text{LSTM}}$",True,False,mixed,False,C_{Qb},test,1.5135445990505718,0.7580170207946162,0.29506042456224946,0.0870606541428549,-1.2406391568392654,0.12107278825847823,-0.5135445990505718,-0.3706160187361074,0.3851789246048058,0.8218861285627965,0.3976848519327491
"MDN$_{Q,\text{LSTM}}$-5","MDN$_{Q,\text{LSTM}}$",True,False,mixed,False,Q,train,0.4111505363606161,0.5608319662608734,1.5496336785613314,2.401364537731524,0.6024848523446841,0.7951954361385432,0.588849463639384,0.7955311081808731,0.7980743440812849,1.0170061737901945,1.0296939204770252
"MDN$_{Q,\text{LSTM}}$-5","MDN$_{Q,\text{LSTM}}$",True,False,mixed,False,Q,test,0.4070515079925974,0.5721649584795808,1.812843075087854,3.2864000148939865,0.5995421553474634,0.7892533960911099,0.5929484920074026,0.7836345220748733,0.7984091606959967,1.0081990438214894,1.060893679871161
"MDN$_{Q,\text{LSTM}}$-5","MDN$_{Q,\text{LSTM}}$",True,False,mixed,False,C_Q,train,0.10066682541342269,0.1942473128908245,0.07228842408469738,0.005225616256649056,0.8880910998675424,0.9213849582711324,0.8993331745865774,0.9008468003352869,0.9489572083341428,0.9484422078706674,1.0302779172952172
"MDN$_{Q,\text{LSTM}}$-5","MDN$_{Q,\text{LSTM}}$",True,False,mixed,False,C_Q,test,0.19716378487675496,0.26649674246042765,0.10649443773513217,0.011341065268521943,0.7575483429583466,0.8558207687641839,0.8028362151232451,0.8675133564070484,0.8963098760288417,0.9017808218602653,0.9802768674863295
"MDN$_{Q,\text{LSTM}}$-5","MDN$_{Q,\text{LSTM}}$",True,False,mixed,False,C_{Qb},train,0.9954861312592704,0.5684487486326055,0.22732289461942734,0.051675698418155266,-0.018609414248897505,0.4207778899079361,0.004513868740729565,0.04107391740825206,0.623101776463014,0.9885844254436735,0.560323224889333
"MDN$_{Q,\text{LSTM}}$-5","MDN$_{Q,\text{LSTM}}$",True,False,mixed,False,C_{Qb},test,1.0174628058278163,0.5805323465408795,0.24192047288830032,0.05852551520249885,-0.1488958145244066,0.3988770958847132,-0.01746280582781634,0.09318811004480665,0.595061092543973,0.9410635394762563,0.5596595400133566
"MDN$_{Q,\text{LSTM}}$-6","MDN$_{Q,\text{LSTM}}$",True,False,mixed,False,Q,train,0.394326707855208,0.5469419506046044,1.5175978840065043,2.3031033375410193,0.6026754367090497,0.8007018976154319,0.605673292144792,0.7989498109715615,0.8021408244704338,0.9962203045939819,1.0236049608236877
"MDN$_{Q,\text{LSTM}}$-6","MDN$_{Q,\text{LSTM}}$",True,False,mixed,False,Q,test,0.38907114563031914,0.5616831651398119,1.7723522454919647,3.1412324821004094,0.6029197016262205,0.7977300338628196,0.6109288543696809,0.7905957354415589,0.8036777555388461,0.989863572111887,1.0476231914148992
"MDN$_{Q,\text{LSTM}}$-6","MDN$_{Q,\text{LSTM}}$",True,False,mixed,False,C_Q,train,0.1366787715146011,0.2287345232942264,0.08423180433483056,0.00709499686150118,0.8382420948434549,0.8912843574737679,0.8633212284853989,0.8789536552885177,0.9294242260249742,0.9192164258789444,1.017668197699411
"MDN$_{Q,\text{LSTM}}$-6","MDN$_{Q,\text{LSTM}}$",True,False,mixed,False,C_Q,test,0.21514115355578456,0.2816618156685633,0.11124361621539554,0.012375142148678213,0.7181398674988939,0.8124105546810895,0.7848588464442154,0.8546138743926338,0.8915614600336074,0.8736649654946151,0.9135688591910485
"MDN$_{Q,\text{LSTM}}$-6","MDN$_{Q,\text{LSTM}}$",True,False,mixed,False,C_{Qb},train,1.01581471882994,0.5875386747644259,0.2296322182783882,0.052730955671453326,-0.06996516750377935,0.3996288680649692,-0.01581471882994001,-0.023937830982535324,0.6242126404948387,0.9743666950966071,0.5324828450454268
"MDN$_{Q,\text{LSTM}}$-6","MDN$_{Q,\text{LSTM}}$",True,False,mixed,False,C_{Qb},test,1.0254904797055653,0.5911785787157494,0.24287296128782718,0.0589872753247184,-0.1756831437876094,0.3854511376670181,-0.025490479705565283,0.035909199181943796,0.6036914706609535,0.9339436435858984,0.5349769774030778
"MDN$_{Q,\text{LSTM}}$-7","MDN$_{Q,\text{LSTM}}$",True,False,mixed,False,Q,train,0.394326707855208,0.5469419506046044,1.5175978840065043,2.3031033375410193,0.6026754367090497,0.8007018976154319,0.605673292144792,0.7989498109715615,0.8021408244704338,0.9962203045939819,1.0236049608236877
"MDN$_{Q,\text{LSTM}}$-7","MDN$_{Q,\text{LSTM}}$",True,False,mixed,False,Q,test,0.38907114563031914,0.5616831651398119,1.7723522454919647,3.1412324821004094,0.6029197016262205,0.7977300338628196,0.6109288543696809,0.7905957354415589,0.8036777555388461,0.989863572111887,1.0476231914148992
"MDN$_{Q,\text{LSTM}}$-7","MDN$_{Q,\text{LSTM}}$",True,False,mixed,False,C_Q,train,0.1323662089540202,0.22469991665270606,0.08289228963644053,0.006871131681171546,0.8435682280196415,0.8945259749555541,0.8676337910459798,0.8914507787525053,0.9315552156929586,0.9198692111918285,1.0043747165873012
"MDN$_{Q,\text{LSTM}}$-7","MDN$_{Q,\text{LSTM}}$",True,False,mixed,False,C_Q,test,0.20859020649460075,0.2810727639341974,0.10953686540882446,0.011998324883590924,0.6930503717129954,0.7825049090675883,0.7914097935053992,0.8324944402897627,0.8967594715423405,0.8243533385413631,0.92388325951595
"MDN$_{Q,\text{LSTM}}$-7","MDN$_{Q,\text{LSTM}}$",True,False,mixed,False,C_{Qb},train,0.9496338081871114,0.5615196333724786,0.22202590775139133,0.049295503712829335,-0.03911507587329477,0.4302178096876992,0.050366191812888594,0.11335230045645839,0.6301901689239195,0.9559743966257316,0.568775952103671
"MDN$_{Q,\text{LSTM}}$-7","MDN$_{Q,\text{LSTM}}$",True,False,mixed,False,C_{Qb},test,0.9045637747529662,0.5558317602414004,0.2281040243266168,0.05203144591399779,-0.1126883127127114,0.4298497919501768,0.09543622524703377,0.19781178026225554,0.6349035116198426,0.9016392987099429,0.5732670784278973
"MDN$_{Q,\text{LSTM}}$-8","MDN$_{Q,\text{LSTM}}$",True,False,mixed,False,Q,train,0.4134851925767487,0.568677155735779,1.5540271308864435,2.4150003235311512,0.6104621738366953,0.7892396704120272,0.5865148074232513,0.7896264001088132,0.8000540651518374,1.03027974689621,1.0593689867997316
"MDN$_{Q,\text{LSTM}}$-8","MDN$_{Q,\text{LSTM}}$",True,False,mixed,False,Q,test,0.40199408155194777,0.56936369502206,1.8015460074526566,3.2455680169686074,0.6231675210520141,0.7821673517953707,0.5980059184480522,0.7774141481918713,0.8064964989567133,1.0328462235498972,1.0944911811035438
"MDN$_{Q,\text{LSTM}}$-8","MDN$_{Q,\text{LSTM}}$",True,False,mixed,False,C_Q,train,0.1311224222926531,0.22325137117289826,0.08250191936498828,0.006806566698907029,0.8536906416089667,0.9089012542120528,0.8688775777073469,0.8898791910519392,0.9328992662730455,0.9466783145279408,1.0308750850340558
"MDN$_{Q,\text{LSTM}}$-8","MDN$_{Q,\text{LSTM}}$",True,False,mixed,False,C_Q,test,0.18829460322616906,0.26497955149583874,0.10407161355036654,0.010830900746976835,0.7715026637808345,0.8607874663537967,0.8117053967738309,0.8801648412622876,0.9018623917914216,0.9077753082125173,0.9647332223757449
"MDN$_{Q,\text{LSTM}}$-8","MDN$_{Q,\text{LSTM}}$",True,False,mixed,False,C_{Qb},train,0.8404379286881641,0.5234245761400059,0.20887111850198142,0.04362714414426876,0.20714491121062062,0.5142052484919033,0.15956207131183586,0.22609382667434563,0.672724905101792,1.029570079278623,0.6422107278527788
"MDN$_{Q,\text{LSTM}}$-8","MDN$_{Q,\text{LSTM}}$",True,False,mixed,False,C_{Qb},test,0.7931493627623376,0.4954663975546194,0.2135948816194925,0.045622773454045015,0.1996795919011881,0.5375871578296232,0.2068506372376624,0.3387314247592673,0.6701425728825435,0.9955098100910056,0.6759636554734657
$\Gamma_\text{dynamic}$,$\Gamma_\text{dynamic}$,True,False,mixed,False,C_Q,train,0.570834162713243,0.4469864704319753,0.17213950479016543,0.029632009109403386,0.21452876066940718,0.6425751397567135,0.42916583728675695,0.6631069888464518,0.6813311634553341,0.8524910294406944,0.9333381147901161
$\Gamma_\text{dynamic}$,$\Gamma_\text{dynamic}$,True,False,mixed,False,C_Q,test,0.610320420677007,0.4941596427351331,0.1873666547157083,0.03510626329935545,-0.07971344387235813,0.5325621358605883,0.389679579322993,0.6037270014658296,0.6847816235038932,0.7518387120741429,0.7601010480945081
$\Gamma_\text{dynamic}$,$\Gamma_\text{dynamic}$,True,False,mixed,False,C_{Qb},train,0.5481654911969113,0.44211523050206697,0.16868692321665138,0.028455278064300437,0.17497177125467034,0.6272883644023739,0.45183450880308873,0.6636455675511024,0.6930791760391104,0.8151198281922333,0.897370115456769
$\Gamma_\text{dynamic}$,$\Gamma_\text{dynamic}$,True,False,mixed,False,C_{Qb},test,0.6141990202107604,0.49558573791421584,0.18796107140940646,0.03532936436537199,-0.09037909854945858,0.5291380401621091,0.38580097978923955,0.6005877276273874,0.683711734438997,0.7505260752222118,0.7562060723751338
